pv_situacion_credito;CLASE;ENTE
3;1;151367.0
3;1;251763.0
3;1;351135.0
3;1;462413.0
3;1;1506273.0
3;1;1849310.0
3;1;92095.0
3;1;289474.0
3;1;2982367.0
3;1;6420706.0
3;1;35113.0
3;1;99326.0
3;1;166207.0
3;1;215026.0
3;1;1155626.0
3;1;116063.0
3;1;131152.0
3;1;1232118.0
3;1;206763.0
3;1;68695.0
3;1;2419684.0
3;1;1514727.0
3;1;273382.0
3;1;673482.0
3;1;405727.0
3;1;643383.0
3;1;218793.0
3;1;167839.0
3;1;5780520.0
3;1;2460002.0
3;1;284687.0
3;1;343234.0
3;1;251873.0
3;1;273225.0
3;1;961487.0
3;2;8576942.0
3;1;120596.0
3;1;364050.0
3;1;253657.0
3;1;149467.0
3;1;95376.0
3;1;264677.0
3;1;94190.0
3;1;1658669.0
3;1;598332.0
3;1;3444329.0
3;1;449832.0
3;1;169796.0
3;1;673710.0
3;1;223968.0
3;1;55988.0
3;1;363859.0
3;1;46049.0
3;1;69429.0
3;1;224599.0
3;1;213535.0
3;1;80879.0
3;1;69462.0
3;1;278866.0
3;1;255420.0
3;1;121830.0
3;1;272369.0
3;1;88108.0
3;1;231030.0
3;1;217349.0
3;1;3219466.0
3;1;174895.0
3;1;206665.0
3;1;549560.0
3;1;483247.0
3;1;509684.0
3;1;2763408.0
3;1;2135727.0
3;1;212512.0
3;1;202888.0
3;1;2437621.0
3;1;596118.0
3;1;235622.0
3;1;1735849.0
3;1;272680.0
3;1;191931.0
3;1;765635.0
3;1;12272.0
3;1;249751.0
3;1;256968.0
3;1;570900.0
3;1;890604.0
3;1;57526.0
3;1;522155.0
3;1;138211.0
3;1;84127.0
3;1;45057.0
3;1;442279.0
3;1;41784.0
3;1;225606.0
3;1;143780.0
3;2;432119.0
3;1;181669.0
3;1;288416.0
3;1;90750.0
3;1;30405.0
3;1;136274.0
3;2;3560693.0
3;1;78177.0
3;1;794415.0
3;1;55942.0
3;1;522679.0
3;1;125500.0
3;1;28588.0
3;1;30775.0
3;1;1861474.0
3;2;726249.0
3;1;4020848.0
3;1;704065.0
3;1;33170.0
3;1;53312.0
3;1;367952.0
3;1;357664.0
3;1;1611047.0
3;1;73243.0
3;1;250469.0
3;1;305979.0
3;1;582053.0
3;1;271687.0
3;1;253514.0
3;1;2638946.0
3;1;293585.0
3;1;87949.0
3;1;807408.0
3;1;276318.0
3;1;190818.0
3;1;256521.0
3;1;631133.0
3;1;576542.0
3;1;537479.0
3;1;624771.0
3;1;563129.0
3;1;173796.0
3;1;600359.0
3;1;215181.0
3;1;682788.0
3;1;163620.0
3;1;138646.0
3;1;214985.0
3;1;262549.0
3;1;645520.0
3;1;18832.0
3;1;128169.0
3;1;184750.0
3;1;95590.0
3;1;652014.0
3;1;40450.0
3;1;116005.0
3;1;29204.0
3;1;19254.0
3;1;445607.0
3;1;743158.0
3;1;5592940.0
3;1;290566.0
3;1;266067.0
3;1;242415.0
3;1;586055.0
3;1;213104.0
3;1;590053.0
3;1;335817.0
3;1;181336.0
3;1;578200.0
3;1;1135831.0
3;1;341828.0
3;1;243429.0
3;1;286914.0
3;1;277623.0
3;1;552547.0
3;1;608121.0
3;1;1358295.0
3;1;1192968.0
3;1;133069.0
3;1;54261.0
3;1;224767.0
3;1;645145.0
3;1;2209492.0
3;1;672429.0
3;1;302179.0
3;1;639679.0
3;1;261213.0
3;1;1906238.0
3;1;2516031.0
3;1;553581.0
3;1;186168.0
3;1;142177.0
3;1;112283.0
3;1;455749.0
3;1;97238.0
3;1;143989.0
3;1;83965.0
3;1;157300.0
3;1;98682.0
3;1;251557.0
3;1;374970.0
3;1;262297.0
3;1;191300.0
3;1;182005.0
3;1;8444506.0
3;1;58919.0
3;1;300806.0
3;1;260637.0
3;1;782072.0
3;1;42939.0
3;1;290192.0
3;1;297150.0
3;2;2983248.0
3;1;942748.0
3;1;377203.0
3;1;83417.0
3;1;223897.0
3;1;2504448.0
3;1;101656.0
3;1;177536.0
3;1;108509.0
3;1;779332.0
3;1;199045.0
3;1;2493931.0
3;1;287171.0
3;1;274248.0
3;1;631754.0
3;1;663517.0
3;1;246911.0
3;1;230843.0
3;1;191252.0
3;1;235458.0
3;1;809572.0
3;1;269755.0
3;1;772474.0
3;1;210371.0
3;1;96784.0
3;1;260230.0
3;1;223120.0
3;1;429906.0
3;1;433867.0
3;1;432883.0
3;1;278494.0
3;2;471943.0
3;1;237678.0
3;1;650875.0
3;1;474412.0
3;1;441378.0
3;1;2699696.0
3;1;646679.0
3;1;254525.0
3;1;85302.0
3;1;4334.0
3;1;120265.0
3;1;598194.0
3;1;52152.0
3;1;401834.0
3;1;2298101.0
3;1;283999.0
3;1;1586298.0
3;1;172822.0
3;1;160153.0
3;1;381468.0
3;1;557819.0
3;1;247060.0
3;1;259168.0
3;1;178399.0
3;1;702097.0
3;1;673734.0
3;1;194865.0
3;1;3005249.0
3;1;48924.0
3;1;352470.0
3;1;430966.0
3;1;261396.0
3;1;269009.0
3;1;256959.0
3;1;153858.0
3;1;2268051.0
3;1;225379.0
3;1;2143540.0
3;1;243119.0
3;1;241514.0
3;1;4248012.0
3;1;118237.0
3;1;109040.0
3;1;1768715.0
3;1;251645.0
3;1;5196240.0
3;1;2926456.0
3;1;3568845.0
3;1;1438869.0
3;1;628602.0
3;1;364529.0
3;1;193120.0
3;1;325323.0
3;1;254857.0
3;1;1168239.0
3;1;244934.0
3;1;108003.0
3;1;367204.0
3;1;806013.0
3;1;416618.0
3;1;142529.0
3;2;6815686.0
3;1;1537947.0
3;1;290582.0
3;1;72456.0
3;1;185532.0
3;1;350876.0
3;1;329374.0
3;1;186017.0
3;1;169038.0
3;1;984775.0
3;1;244364.0
3;1;136756.0
3;1;108641.0
3;1;93449.0
3;1;257360.0
3;1;143571.0
3;1;385411.0
3;1;13952.0
3;1;123099.0
3;1;58016.0
3;1;547990.0
3;1;171837.0
3;1;272568.0
3;1;5335685.0
3;1;143445.0
3;1;242577.0
3;1;206137.0
3;1;3959042.0
3;1;237632.0
3;1;1345626.0
3;1;399314.0
3;1;4045389.0
3;1;543816.0
3;1;822926.0
3;1;99373.0
3;1;142628.0
3;1;71516.0
3;1;2114451.0
3;1;77926.0
3;2;4867082.0
3;1;31695.0
3;1;185907.0
3;1;304219.0
3;2;502142.0
3;1;261109.0
3;1;424980.0
3;1;161623.0
3;1;200725.0
3;1;190081.0
3;1;869811.0
3;1;208476.0
3;1;97690.0
3;1;226278.0
3;1;47601.0
3;1;10812270.0
3;1;258073.0
3;1;361083.0
3;1;3814846.0
3;1;188631.0
3;1;375360.0
3;1;4539396.0
3;1;570199.0
3;1;861260.0
3;1;175607.0
3;1;257073.0
3;1;3068111.0
3;1;696614.0
3;1;374537.0
3;1;184364.0
3;1;258949.0
3;1;281821.0
3;1;20260.0
3;1;763998.0
3;1;154209.0
3;1;230889.0
3;1;746114.0
3;1;1026934.0
3;1;551993.0
3;1;259813.0
3;2;5014483.0
3;1;3106492.0
3;1;198503.0
3;1;207957.0
3;1;42162.0
3;1;194522.0
3;1;89009.0
3;1;294883.0
3;1;293382.0
3;1;632486.0
3;1;96956.0
3;1;383177.0
3;1;586086.0
3;1;663007.0
3;1;811375.0
3;1;39932.0
3;1;2776811.0
3;1;293858.0
3;1;115491.0
3;1;252223.0
3;1;85394.0
3;2;526307.0
3;1;154451.0
3;1;278328.0
3;1;160889.0
3;1;2979321.0
3;1;388103.0
3;1;260839.0
3;1;3908652.0
3;1;58178.0
3;1;4517198.0
3;1;505087.0
3;1;640509.0
3;1;62104.0
3;1;59912.0
3;1;439087.0
3;1;147862.0
3;2;3742333.0
3;1;142922.0
3;1;1786672.0
3;1;1463829.0
3;1;465443.0
3;1;2942705.0
3;1;168703.0
3;1;527453.0
3;1;102066.0
3;1;759923.0
3;1;64106.0
3;1;5526195.0
3;1;503689.0
3;1;4309686.0
3;1;255895.0
3;1;248370.0
3;1;262524.0
3;1;945492.0
3;1;128769.0
3;1;300051.0
3;2;827235.0
3;1;244358.0
3;1;278177.0
3;1;160397.0
3;1;81677.0
3;1;264253.0
3;1;36730.0
3;2;550104.0
3;1;168513.0
3;1;1542176.0
3;1;377580.0
3;1;187847.0
3;1;563031.0
3;1;64972.0
3;1;579479.0
3;1;2854790.0
3;1;128988.0
3;1;703220.0
3;1;2438922.0
3;1;737342.0
3;1;73580.0
3;1;272941.0
3;1;302293.0
3;1;599607.0
3;1;298797.0
3;1;251610.0
3;1;148764.0
3;1;230670.0
3;1;649915.0
3;1;1184509.0
3;1;419349.0
3;1;559090.0
3;1;131886.0
3;1;384152.0
3;1;188212.0
3;1;296927.0
3;1;1124681.0
3;1;83891.0
3;1;351558.0
3;1;377045.0
3;1;2551184.0
3;1;2026000.0
3;1;190849.0
3;1;257015.0
3;1;345802.0
3;1;94197.0
3;1;569777.0
3;1;243075.0
3;1;593533.0
3;1;436033.0
3;1;157673.0
3;1;96547.0
3;1;563575.0
3;1;213782.0
3;1;460135.0
3;1;3933826.0
3;1;143309.0
3;1;302641.0
3;1;350034.0
3;1;205556.0
3;1;447533.0
3;1;399783.0
3;1;256445.0
3;1;256947.0
3;1;509128.0
3;1;771372.0
3;1;1874976.0
3;1;377541.0
3;1;203573.0
3;1;7062653.0
3;1;228044.0
3;1;208994.0
3;1;621179.0
3;1;89929.0
3;1;86585.0
3;1;1693184.0
3;1;761044.0
3;1;92537.0
3;1;251008.0
3;1;784307.0
3;1;172285.0
3;1;478194.0
3;1;470046.0
3;1;528014.0
3;1;80967.0
3;1;216526.0
3;1;340531.0
3;1;290840.0
3;1;286996.0
3;1;31240.0
3;1;2135912.0
3;1;284263.0
3;1;1554407.0
3;1;127683.0
3;1;972494.0
3;1;1066094.0
3;1;136046.0
3;1;474187.0
3;1;582749.0
3;1;474853.0
3;1;2544328.0
3;1;5596774.0
3;1;201874.0
3;1;2780203.0
3;1;264682.0
3;1;1731614.0
3;1;574905.0
3;1;187730.0
3;1;43056.0
3;1;693692.0
3;1;944284.0
3;1;1939657.0
3;1;286060.0
3;1;754000.0
3;1;52931.0
3;1;218229.0
3;1;794248.0
3;1;146866.0
3;1;163129.0
3;1;249906.0
3;1;7644564.0
3;1;1324194.0
3;1;255348.0
3;1;1165462.0
3;1;581665.0
3;1;86650.0
3;2;1157575.0
3;1;220396.0
3;1;358549.0
3;1;183586.0
3;1;191322.0
3;1;1499794.0
3;1;109211.0
3;1;118257.0
3;1;6907495.0
3;1;544864.0
3;1;589353.0
3;1;3257641.0
3;1;233182.0
3;1;582107.0
3;1;277156.0
3;1;258722.0
3;1;125497.0
3;1;133848.0
3;1;226019.0
3;1;1908909.0
3;1;127202.0
3;1;775114.0
3;1;96815.0
3;1;64621.0
3;1;285280.0
3;1;802151.0
3;1;554763.0
3;1;449528.0
3;1;412660.0
3;1;207196.0
3;1;40251.0
3;1;5010624.0
3;1;876205.0
3;1;91722.0
3;1;2943356.0
3;1;34253.0
3;1;369769.0
3;1;96371.0
3;1;107962.0
3;1;215373.0
3;1;189610.0
3;1;69350.0
3;1;228050.0
3;1;517489.0
3;1;118956.0
3;1;301000.0
3;1;77919.0
3;1;192244.0
3;1;361655.0
3;1;197038.0
3;1;1339473.0
3;1;183704.0
3;2;4439291.0
3;1;156035.0
3;1;283488.0
3;1;1362087.0
3;1;124378.0
3;1;3925244.0
3;1;3109493.0
3;1;216980.0
3;1;404419.0
3;1;34261.0
3;1;547488.0
3;1;3039607.0
3;1;123813.0
3;1;206308.0
3;1;243270.0
3;1;171708.0
3;1;2011961.0
3;1;372726.0
3;1;578072.0
3;1;496351.0
3;1;3965237.0
3;1;136833.0
3;1;244003.0
3;1;368716.0
3;1;237743.0
3;1;214610.0
3;1;238418.0
3;1;2376765.0
3;2;6955313.0
3;1;445850.0
3;1;54635.0
3;1;4391293.0
3;1;151805.0
3;1;147472.0
3;1;503279.0
3;1;262495.0
3;1;75177.0
3;1;995498.0
3;1;111520.0
3;1;273374.0
3;1;193990.0
3;1;143296.0
3;1;125120.0
3;1;2726388.0
3;1;1664437.0
3;1;280708.0
3;1;108545.0
3;1;240606.0
3;1;61053.0
3;1;189531.0
3;1;1594441.0
3;1;168099.0
3;1;252319.0
3;1;42000.0
3;1;181370.0
3;1;214462.0
3;1;373847.0
3;1;292807.0
3;1;2189980.0
3;1;32384.0
3;1;483769.0
3;1;1853460.0
3;1;1861279.0
3;1;245528.0
3;1;289450.0
3;1;2470303.0
3;1;502625.0
3;1;86086.0
3;1;36262.0
3;1;62614.0
3;1;202335.0
3;2;1026743.0
3;1;142206.0
3;1;245357.0
3;1;239839.0
3;1;635269.0
3;1;1729049.0
3;1;165142.0
3;1;2878041.0
3;1;757721.0
3;1;704176.0
3;1;367163.0
3;1;51982.0
3;1;303696.0
3;1;291321.0
3;1;130965.0
3;1;487822.0
3;1;141140.0
3;1;162497.0
3;1;89786.0
3;2;468030.0
3;1;124099.0
3;1;299750.0
3;1;2566891.0
3;1;68566.0
3;1;943924.0
3;1;300830.0
3;1;92773.0
3;1;272874.0
3;1;229321.0
3;1;168205.0
3;1;112012.0
3;1;262359.0
3;1;264348.0
3;1;42654.0
3;1;1429651.0
3;1;184800.0
3;1;2340075.0
3;1;468103.0
3;1;163854.0
3;1;352125.0
3;1;285566.0
3;1;421259.0
3;1;268341.0
3;1;107939.0
3;1;671247.0
3;1;6937209.0
3;1;128931.0
3;2;3253726.0
3;1;240565.0
3;1;330013.0
3;1;59294.0
3;1;218541.0
3;1;77191.0
3;1;128439.0
3;1;94915.0
3;1;1634144.0
3;1;461140.0
3;1;295166.0
3;1;481233.0
3;1;507117.0
3;1;301751.0
3;1;172931.0
3;1;1320813.0
3;1;2007775.0
3;1;217032.0
3;1;536631.0
3;1;68061.0
3;1;120538.0
3;1;277202.0
3;1;127591.0
3;1;4602707.0
3;1;120951.0
3;1;91201.0
3;1;96436.0
3;1;436096.0
3;1;268720.0
3;1;206280.0
3;1;123917.0
3;1;85979.0
3;1;89124.0
3;1;183632.0
3;1;134404.0
3;1;197669.0
3;1;797898.0
3;1;387905.0
3;1;5289391.0
3;1;2150852.0
3;1;1470745.0
3;1;2015607.0
3;1;1455787.0
3;1;86171.0
3;1;304156.0
3;1;167912.0
3;1;69326.0
3;1;1628781.0
3;1;266023.0
3;1;2398438.0
3;1;865303.0
3;1;431799.0
3;1;141854.0
3;1;488423.0
3;1;261261.0
3;1;230431.0
3;1;702375.0
3;1;338853.0
3;1;243846.0
3;1;2502446.0
3;1;578896.0
3;1;1397571.0
3;1;106731.0
3;1;77549.0
3;1;405605.0
3;1;683324.0
3;1;220375.0
3;1;67024.0
3;1;432833.0
3;1;299652.0
3;1;130249.0
3;1;381683.0
3;1;566951.0
3;1;1071637.0
3;1;46608.0
3;1;76061.0
3;1;289132.0
3;1;219075.0
3;1;10524124.0
3;2;6473429.0
3;1;133039.0
3;1;303677.0
3;1;410951.0
3;1;197204.0
3;2;115786.0
3;1;162428.0
3;1;263671.0
3;1;228442.0
3;1;97477.0
3;1;91988.0
3;1;141697.0
3;1;90449.0
3;1;433677.0
3;1;173021.0
3;1;479846.0
3;1;296968.0
3;1;269860.0
3;1;97720.0
3;1;39128.0
3;1;2116563.0
3;1;215398.0
3;1;1555174.0
3;1;497261.0
3;1;620366.0
3;1;234620.0
3;1;256481.0
3;1;47396.0
3;1;273588.0
3;1;264564.0
3;1;596585.0
3;1;575783.0
3;1;249523.0
3;1;150814.0
3;1;94472.0
3;2;6987855.0
3;1;224482.0
3;1;212514.0
3;1;561016.0
3;1;589685.0
3;1;824909.0
3;1;208049.0
3;1;287402.0
3;1;1680303.0
3;1;286747.0
3;1;169368.0
3;1;561565.0
3;1;164736.0
3;1;373406.0
3;1;624766.0
3;1;62902.0
3;1;121326.0
3;1;762488.0
3;1;28258.0
3;1;351086.0
3;1;203072.0
3;1;58167.0
3;1;1497462.0
3;1;113843.0
3;1;1050095.0
3;1;296289.0
3;1;1077759.0
3;1;97279.0
3;1;2990438.0
3;1;734695.0
3;1;268202.0
3;1;636296.0
3;1;163457.0
3;1;180719.0
3;1;72832.0
3;1;244843.0
3;1;468802.0
3;1;150025.0
3;1;226902.0
3;1;193766.0
3;1;89991.0
3;1;63657.0
3;1;191338.0
3;1;2309660.0
3;1;738692.0
3;1;184267.0
3;1;1411335.0
3;1;4723838.0
3;1;1131229.0
3;1;1378310.0
3;1;593211.0
3;1;738938.0
3;1;1794829.0
3;2;659031.0
3;1;289523.0
3;1;389579.0
3;1;1460493.0
3;1;683520.0
3;1;382116.0
3;1;531938.0
3;1;291493.0
3;1;164057.0
3;1;151100.0
3;1;103677.0
3;1;1399730.0
3;1;209181.0
3;1;1484141.0
3;1;679667.0
3;1;641538.0
3;1;474156.0
3;1;285751.0
3;2;4341726.0
3;1;284076.0
3;1;4015109.0
3;1;63706.0
3;1;835439.0
3;1;221519.0
3;1;214500.0
3;1;3775145.0
3;1;32977.0
3;1;129722.0
3;1;79871.0
3;1;488198.0
3;1;672203.0
3;1;84322.0
3;1;220057.0
3;1;39204.0
3;1;544121.0
3;1;368922.0
3;1;301698.0
3;1;293154.0
3;1;1468008.0
3;1;2111904.0
3;1;291903.0
3;1;265383.0
3;1;129642.0
3;1;629748.0
3;1;695353.0
3;1;280160.0
3;2;2935955.0
3;1;105925.0
3;1;2369427.0
3;1;120682.0
3;1;295814.0
3;1;3283113.0
3;1;4298825.0
3;1;1972607.0
3;1;176950.0
3;1;175925.0
3;1;46716.0
3;1;208392.0
3;1;54639.0
3;1;260657.0
3;2;2345819.0
3;1;218580.0
3;1;1694226.0
3;1;109830.0
3;1;265306.0
3;1;288818.0
3;1;255117.0
3;1;295645.0
3;1;2019128.0
3;1;57634.0
3;1;289798.0
3;1;1280385.0
3;1;3802481.0
3;1;212124.0
3;1;286171.0
3;1;835689.0
3;1;152344.0
3;1;377824.0
3;1;1496206.0
3;1;432672.0
3;1;155380.0
3;1;446869.0
3;1;335483.0
3;1;40256.0
3;1;165400.0
3;1;346057.0
3;1;795983.0
3;1;214957.0
3;1;2905240.0
3;1;602332.0
3;1;3326253.0
3;1;207387.0
3;1;90518.0
3;1;503271.0
3;1;73418.0
3;1;1127311.0
3;1;1233100.0
3;1;62343.0
3;2;2272785.0
3;1;1282842.0
3;1;302325.0
3;1;280927.0
3;1;2124104.0
3;1;86520.0
3;1;222558.0
3;2;433182.0
3;1;101693.0
3;1;348363.0
3;1;583292.0
3;1;167746.0
3;1;650614.0
3;1;245728.0
3;1;190119.0
3;1;718634.0
3;1;501741.0
3;1;295267.0
3;1;127216.0
3;1;104579.0
3;1;11674152.0
3;1;508434.0
3;1;593542.0
3;1;106448.0
3;1;75153.0
3;1;538828.0
3;1;2948409.0
3;1;503895.0
3;1;119753.0
3;1;141943.0
3;1;270659.0
3;1;1712108.0
3;1;366470.0
3;1;358153.0
3;1;532149.0
3;1;10634511.0
3;1;4867413.0
3;1;2799808.0
3;1;774733.0
3;1;68650.0
3;1;62923.0
3;2;1710988.0
3;1;226500.0
3;1;411015.0
3;1;250793.0
3;1;217633.0
3;1;1372588.0
3;1;274361.0
3;1;2184497.0
3;1;260421.0
3;1;508042.0
3;1;65092.0
3;2;917057.0
3;1;2894424.0
3;1;247234.0
3;1;74144.0
3;1;488352.0
3;1;2379426.0
3;1;253338.0
3;1;59845.0
3;1;140022.0
3;1;3196135.0
3;1;2149407.0
3;1;55060.0
3;1;94379.0
3;1;475415.0
3;1;211177.0
3;1;280403.0
3;1;3260723.0
3;1;207647.0
3;1;114401.0
3;1;203624.0
3;1;1050548.0
3;1;260158.0
3;2;720084.0
3;1;213085.0
3;1;105568.0
3;1;356695.0
3;1;194982.0
3;1;129304.0
3;1;534695.0
3;1;1632082.0
3;1;948522.0
3;1;609985.0
3;1;713785.0
3;1;2392578.0
3;2;6298547.0
3;1;69308.0
3;1;77599.0
3;1;795208.0
3;1;121164.0
3;1;171867.0
3;2;168083.0
3;1;3914523.0
3;1;180190.0
3;1;67438.0
3;1;194266.0
3;1;401700.0
3;1;356689.0
3;1;243434.0
3;1;359958.0
3;1;778600.0
3;1;712186.0
3;1;103860.0
3;1;35030.0
3;1;606350.0
3;2;1339672.0
3;1;433820.0
3;1;309277.0
3;1;1699600.0
3;1;374081.0
3;1;3053238.0
3;1;229199.0
3;1;168747.0
3;1;236709.0
3;1;894860.0
3;1;125342.0
3;1;222307.0
3;1;285856.0
3;1;106921.0
3;1;107512.0
3;1;2588236.0
3;1;688110.0
3;1;83349.0
3;1;273959.0
3;1;621103.0
3;1;914112.0
3;1;123160.0
3;1;2414550.0
3;1;624641.0
3;1;142869.0
3;1;724156.0
3;1;262286.0
3;1;118597.0
3;1;395343.0
3;1;329454.0
3;1;64942.0
3;1;545756.0
3;1;87019.0
3;1;195042.0
3;1;80305.0
3;1;695970.0
3;1;75822.0
3;1;300274.0
3;1;276777.0
3;1;895780.0
3;1;301018.0
3;1;433993.0
3;1;573929.0
3;1;101670.0
3;1;119483.0
3;1;813840.0
3;1;163643.0
3;1;3172140.0
3;1;154913.0
3;1;448457.0
3;1;302981.0
3;1;92075.0
3;1;529386.0
3;1;446252.0
3;1;4517038.0
3;1;173244.0
3;1;619652.0
3;1;83837.0
3;1;174093.0
3;2;3669476.0
3;2;4087781.0
3;1;290472.0
3;1;44243.0
3;1;565315.0
3;1;300979.0
3;1;682460.0
3;1;274708.0
3;1;858333.0
3;1;557121.0
3;1;292558.0
3;1;220113.0
3;1;335223.0
3;1;227244.0
3;1;251120.0
3;1;980984.0
3;1;349748.0
3;1;810590.0
3;1;192501.0
3;1;174975.0
3;1;283130.0
3;1;213471.0
3;1;213161.0
3;1;294671.0
3;1;3789010.0
3;1;296772.0
3;1;526978.0
3;1;120778.0
3;1;159617.0
3;1;293318.0
3;1;168179.0
3;1;200383.0
3;1;525041.0
3;1;154165.0
3;1;180285.0
3;1;78196.0
3;1;1557051.0
3;1;558927.0
3;1;764295.0
3;1;136357.0
3;1;4094418.0
3;1;598195.0
3;2;2186978.0
3;1;139619.0
3;1;4228404.0
3;1;2009958.0
3;1;273239.0
3;1;847875.0
3;1;4232558.0
3;1;268848.0
3;1;300055.0
3;1;255303.0
3;1;167487.0
3;1;4980045.0
3;1;164450.0
3;1;188549.0
3;1;282635.0
3;1;239102.0
3;1;218315.0
3;1;676385.0
3;2;3034124.0
3;1;179420.0
3;1;688245.0
3;1;659673.0
3;1;101043.0
3;1;510168.0
3;1;680744.0
3;1;3819664.0
3;1;229104.0
3;1;208130.0
3;1;181377.0
3;1;301770.0
3;1;65916.0
3;1;281137.0
3;1;591617.0
3;1;546360.0
3;1;38114.0
3;1;636364.0
3;1;2625115.0
3;1;203176.0
3;1;4684726.0
3;1;323582.0
3;1;1247590.0
3;2;5697019.0
3;1;342623.0
3;1;244357.0
3;1;1654504.0
3;1;192797.0
3;1;397718.0
3;1;305315.0
3;2;2169549.0
3;1;872245.0
3;1;98727.0
3;1;480082.0
3;1;182565.0
3;1;89100.0
3;1;368501.0
3;1;846058.0
3;1;194552.0
3;1;244976.0
3;2;4052653.0
3;1;1024440.0
3;1;4863528.0
3;1;749623.0
3;1;648767.0
3;1;1589306.0
3;1;278529.0
3;1;124857.0
3;1;257303.0
3;2;3555179.0
3;1;63731.0
3;1;216797.0
3;2;899197.0
3;1;279604.0
3;1;142490.0
3;1;525305.0
3;1;87499.0
3;1;69174.0
3;1;385119.0
3;1;506956.0
3;1;808188.0
3;1;188401.0
3;1;255875.0
3;2;6719051.0
3;1;54337.0
3;1;516514.0
3;1;100981.0
3;1;6047573.0
3;1;389036.0
3;2;1271226.0
3;2;4040222.0
3;1;223231.0
3;1;195802.0
3;1;2555767.0
3;1;3153163.0
3;1;37618.0
3;1;507362.0
3;1;178794.0
3;1;1005043.0
3;1;546841.0
3;1;238008.0
3;2;6289696.0
3;1;46719.0
3;2;1847071.0
3;1;178305.0
3;1;291442.0
3;1;220095.0
3;1;76057.0
3;1;304577.0
3;1;605804.0
3;1;118522.0
3;1;3941575.0
3;1;229781.0
3;1;109721.0
3;1;152613.0
3;1;189667.0
3;1;164961.0
3;1;290609.0
3;1;122358.0
3;1;290852.0
3;1;193693.0
3;1;1474246.0
3;1;3891570.0
3;1;196746.0
3;1;73390.0
3;1;256604.0
3;1;159643.0
3;1;300477.0
3;1;154506.0
3;1;510746.0
3;1;79785.0
3;1;3652371.0
3;1;108881.0
3;1;538566.0
3;1;156107.0
3;2;5222531.0
3;1;62545.0
3;1;115412.0
3;1;4512045.0
3;1;209554.0
3;1;77111.0
3;1;237996.0
3;1;64891.0
3;1;251251.0
3;1;2344409.0
3;1;213173.0
3;1;59276.0
3;1;351865.0
3;1;356156.0
3;1;349797.0
3;1;2399937.0
3;1;291121.0
3;2;1281741.0
3;1;614903.0
3;1;5202245.0
3;1;546080.0
3;1;175070.0
3;1;229107.0
3;1;96908.0
3;1;892297.0
3;2;724983.0
3;1;3258564.0
3;1;543865.0
3;1;65557.0
3;1;178953.0
3;1;190655.0
3;1;207004.0
3;1;185590.0
3;1;1586376.0
3;1;388633.0
3;1;696737.0
3;1;419077.0
3;1;247669.0
3;1;143726.0
3;1;573750.0
3;1;693735.0
3;1;347956.0
3;1;381421.0
3;1;2434609.0
3;1;122568.0
3;1;233588.0
3;1;4240457.0
3;1;4306577.0
3;1;489401.0
3;1;373481.0
3;1;479261.0
3;1;580208.0
3;1;105316.0
3;1;436685.0
3;1;700686.0
3;1;144623.0
3;1;288976.0
3;1;1937238.0
3;1;362124.0
3;1;4605304.0
3;1;183337.0
3;2;6909372.0
3;1;484046.0
3;1;3388006.0
3;1;293066.0
3;1;6541408.0
3;1;483912.0
3;1;2149884.0
3;1;106325.0
3;1;596964.0
3;1;1678052.0
3;1;298619.0
3;1;163065.0
3;1;88822.0
3;1;223203.0
3;1;717998.0
3;1;134585.0
3;1;686088.0
3;1;262214.0
3;1;121890.0
3;1;117112.0
3;1;213311.0
3;1;97403.0
3;1;185378.0
3;1;2066133.0
3;2;2699093.0
3;1;3175631.0
3;1;55127.0
3;1;302514.0
3;1;265255.0
3;1;1351400.0
3;2;2301071.0
3;1;1482706.0
3;1;3059077.0
3;1;241425.0
3;1;212194.0
3;1;146245.0
3;1;345988.0
3;1;63276.0
3;1;226143.0
3;1;6371200.0
3;1;216978.0
3;1;110014.0
3;1;2189573.0
3;1;906128.0
3;1;255924.0
3;1;509184.0
3;2;142067.0
3;1;191081.0
3;1;208273.0
3;1;824741.0
3;1;218794.0
3;1;1904336.0
3;1;600362.0
3;1;258843.0
3;1;73952.0
3;1;1420169.0
3;1;501470.0
3;1;94897.0
3;1;108238.0
3;1;549784.0
3;1;420554.0
3;1;213496.0
3;1;257721.0
3;1;382224.0
3;1;289143.0
3;1;135366.0
3;1;218919.0
3;1;42944.0
3;1;209492.0
3;1;3870706.0
3;1;365605.0
3;2;4141517.0
3;1;43851.0
3;1;638973.0
3;1;206473.0
3;1;267066.0
3;1;522639.0
3;1;302721.0
3;1;77324.0
3;1;347758.0
3;1;2334237.0
3;1;399213.0
3;1;73624.0
3;1;121947.0
3;1;682868.0
3;1;146967.0
3;1;391526.0
3;1;106869.0
3;1;106376.0
3;1;81859.0
3;1;517082.0
3;1;781386.0
3;1;185611.0
3;1;608533.0
3;1;2750572.0
3;1;2478606.0
3;1;827008.0
3;2;2122536.0
3;1;2924208.0
3;1;1672427.0
3;1;515431.0
3;1;293070.0
3;1;151066.0
3;1;89457.0
3;1;888113.0
3;1;4133686.0
3;1;632263.0
3;1;301791.0
3;1;342868.0
3;1;3458981.0
3;1;127486.0
3;1;3696110.0
3;1;410094.0
3;1;112208.0
3;1;1789309.0
3;1;190711.0
3;1;168862.0
3;1;303782.0
3;1;86828.0
3;1;64284.0
3;1;578760.0
3;1;209769.0
3;1;568018.0
3;1;103109.0
3;1;718991.0
3;1;213924.0
3;1;437071.0
3;1;246562.0
3;1;341426.0
3;2;5013428.0
3;2;1789177.0
3;1;2213438.0
3;1;1480618.0
3;1;235011.0
3;1;391649.0
3;1;245353.0
3;2;1652588.0
3;1;700819.0
3;1;406362.0
3;1;567188.0
3;1;2238077.0
3;1;412350.0
3;1;258005.0
3;1;126317.0
3;1;291938.0
3;1;96652.0
3;1;68565.0
3;1;150071.0
3;1;432710.0
3;1;146426.0
3;1;241285.0
3;1;134174.0
3;1;138580.0
3;1;876099.0
3;1;705942.0
3;1;473509.0
3;1;212214.0
3;1;29126.0
3;1;245256.0
3;1;34469.0
3;1;158084.0
3;1;109292.0
3;1;86216.0
3;1;101679.0
3;1;254625.0
3;1;116441.0
3;1;494290.0
3;1;79505.0
3;1;222711.0
3;1;94240.0
3;1;209609.0
3;1;1314373.0
3;1;300166.0
3;1;665956.0
3;1;540474.0
3;1;3743154.0
3;1;73741.0
3;1;2528250.0
3;1;133232.0
3;1;3388562.0
3;1;812798.0
3;1;364475.0
3;1;99850.0
3;1;343382.0
3;1;281644.0
3;1;143063.0
3;1;60123.0
3;1;174708.0
3;2;4449460.0
3;1;194069.0
3;1;43469.0
3;1;438035.0
3;1;406995.0
3;1;569366.0
3;1;4297211.0
3;1;177298.0
3;1;199721.0
3;1;304016.0
3;1;263089.0
3;2;1312417.0
3;1;201152.0
3;1;76888.0
3;1;194133.0
3;1;1957207.0
3;1;2950908.0
3;1;231626.0
3;1;278742.0
3;1;244869.0
3;1;204081.0
3;1;305166.0
3;1;263525.0
3;1;301720.0
3;1;259667.0
3;1;213154.0
3;1;171978.0
3;1;255165.0
3;1;817124.0
3;1;141039.0
3;1;38799.0
3;1;83109.0
3;1;631615.0
3;1;481466.0
3;1;3825094.0
3;2;685351.0
3;1;576845.0
3;1;272521.0
3;1;3997461.0
3;2;4932021.0
3;1;420445.0
3;1;117466.0
3;1;2145264.0
3;1;80479.0
3;1;346355.0
3;1;504471.0
3;1;155749.0
3;1;2331189.0
3;1;350634.0
3;1;94177.0
3;1;78527.0
3;1;276854.0
3;1;356646.0
3;1;300183.0
3;1;14076.0
3;1;225546.0
3;1;90156.0
3;1;2546047.0
3;1;180224.0
3;1;904526.0
3;1;1824933.0
3;1;849568.0
3;1;1897836.0
3;1;3937874.0
3;1;60143.0
3;1;213733.0
3;1;225162.0
3;1;267624.0
3;1;270072.0
3;1;683424.0
3;1;209682.0
3;1;289544.0
3;1;354334.0
3;1;222214.0
3;1;43135.0
3;1;714717.0
3;1;243533.0
3;1;897518.0
3;1;156104.0
3;1;731015.0
3;1;92242.0
3;1;635909.0
3;1;187837.0
3;1;62506.0
3;1;68078.0
3;1;352592.0
3;1;223597.0
3;1;155795.0
3;1;150586.0
3;1;125568.0
3;1;208248.0
3;1;153789.0
3;1;91614.0
3;1;55143.0
3;1;200704.0
3;1;338319.0
3;1;286986.0
3;1;94320.0
3;1;5792137.0
3;1;4332028.0
3;1;390041.0
3;1;5540285.0
3;1;502802.0
3;1;138589.0
3;1;283028.0
3;1;131100.0
3;1;273134.0
3;1;2028886.0
3;1;55819.0
3;1;74126.0
3;1;212941.0
3;1;223653.0
3;1;3775346.0
3;1;153319.0
3;1;2569835.0
3;1;599633.0
3;1;233166.0
3;1;1471785.0
3;1;631164.0
3;1;300438.0
3;1;195494.0
3;1;24298.0
3;1;125650.0
3;1;367535.0
3;1;892455.0
3;1;600083.0
3;1;100503.0
3;1;683260.0
3;1;206053.0
3;1;177853.0
3;1;65031.0
3;1;235714.0
3;1;234933.0
3;1;1461653.0
3;1;150167.0
3;1;83034.0
3;1;299841.0
3;1;379958.0
3;1;1404179.0
3;1;520303.0
3;1;300897.0
3;1;264702.0
3;1;50993.0
3;1;220512.0
3;1;1756412.0
3;1;153382.0
3;1;1378063.0
3;1;278050.0
3;1;102745.0
3;1;65207.0
3;1;257242.0
3;1;271895.0
3;1;1708193.0
3;1;1927238.0
3;1;1318158.0
3;2;4582698.0
3;1;6136724.0
3;1;374501.0
3;1;609052.0
3;1;137730.0
3;1;55827.0
3;1;66002.0
3;1;59648.0
3;1;76674.0
3;1;86790.0
3;1;495516.0
3;1;821965.0
3;1;895527.0
3;1;196784.0
3;1;55311.0
3;1;124762.0
3;1;258928.0
3;1;414625.0
3;1;289847.0
3;1;195267.0
3;1;3934491.0
3;1;303554.0
3;1;420175.0
3;1;181181.0
3;1;117355.0
3;1;48715.0
3;1;908011.0
3;1;410095.0
3;1;134957.0
3;1;768635.0
3;1;762833.0
3;1;1133311.0
3;1;283809.0
3;1;1480227.0
3;1;898822.0
3;1;303376.0
3;1;2870173.0
3;1;238641.0
3;1;651039.0
3;1;358976.0
3;1;684514.0
3;1;273821.0
3;1;68006.0
3;1;2358696.0
3;1;261487.0
3;1;76498.0
3;1;1785666.0
3;1;688031.0
3;1;131746.0
3;1;724119.0
3;1;1289874.0
3;1;3073142.0
3;1;483997.0
3;1;524239.0
3;1;145368.0
3;1;132124.0
3;1;554256.0
3;1;824977.0
3;1;41901.0
3;1;456009.0
3;1;302865.0
3;1;754681.0
3;1;841500.0
3;1;518487.0
3;1;686287.0
3;1;241565.0
3;1;218771.0
3;1;489706.0
3;1;2807395.0
3;1;254784.0
3;1;217681.0
3;1;229145.0
3;1;62475.0
3;1;1371070.0
3;1;283170.0
3;1;445421.0
3;1;2226338.0
3;1;189602.0
3;1;2172018.0
3;1;226098.0
3;1;569188.0
3;1;223970.0
3;1;149488.0
3;1;692261.0
3;1;541141.0
3;1;455180.0
3;1;655648.0
3;1;186231.0
3;1;133581.0
3;1;158184.0
3;1;4011237.0
3;1;394992.0
3;1;262871.0
3;2;846752.0
3;1;789730.0
3;1;617781.0
3;1;115252.0
3;1;57211.0
3;1;482338.0
3;1;1163721.0
3;1;181057.0
3;2;4864491.0
3;1;245301.0
3;1;129599.0
3;1;100650.0
3;1;172676.0
3;1;73953.0
3;1;255546.0
3;1;150769.0
3;1;227461.0
3;1;189492.0
3;1;2075034.0
3;1;592424.0
3;1;164016.0
3;1;1006327.0
3;1;300248.0
3;1;668896.0
3;1;58650.0
3;1;206114.0
3;1;340817.0
3;1;250745.0
3;1;508828.0
3;1;268873.0
3;1;392115.0
3;1;216442.0
3;1;188524.0
3;1;115082.0
3;1;188605.0
3;1;350963.0
3;1;415764.0
3;1;875609.0
3;1;487183.0
3;1;128532.0
3;1;274854.0
3;1;580638.0
3;1;303385.0
3;1;259851.0
3;1;268640.0
3;1;498724.0
3;1;707472.0
3;1;395431.0
3;1;162279.0
3;1;3546587.0
3;1;437241.0
3;1;2096867.0
3;1;268071.0
3;1;260063.0
3;2;3413671.0
3;1;777176.0
3;1;156640.0
3;1;618432.0
3;1;170868.0
3;1;1365024.0
3;1;301199.0
3;1;107533.0
3;1;215412.0
3;1;96371.0
3;1;106364.0
3;1;105676.0
3;1;179028.0
3;1;96956.0
3;1;705914.0
3;1;831835.0
3;1;189326.0
3;1;431705.0
3;1;265065.0
3;1;243168.0
3;1;216731.0
3;1;108259.0
3;2;5343036.0
3;1;910932.0
3;1;98404.0
3;1;777524.0
3;2;3787606.0
3;1;195499.0
3;1;2799416.0
3;1;146824.0
3;1;260501.0
3;1;523355.0
3;2;699956.0
3;1;173626.0
3;1;606234.0
3;1;425750.0
3;1;151496.0
3;1;177998.0
3;1;365495.0
3;1;199132.0
3;1;1119750.0
3;1;173410.0
3;1;538847.0
3;1;385307.0
3;1;64426.0
3;1;229994.0
3;1;230908.0
3;2;6286266.0
3;1;240899.0
3;1;202294.0
3;1;272595.0
3;2;2100614.0
3;1;1393233.0
3;1;245822.0
3;1;259800.0
3;1;31276.0
3;1;83384.0
3;1;602789.0
3;1;409241.0
3;1;452792.0
3;1;194897.0
3;1;259970.0
3;1;137781.0
3;1;654741.0
3;1;157408.0
3;1;404807.0
3;1;3439183.0
3;1;49293.0
3;1;288699.0
3;1;155873.0
3;1;10858717.0
3;1;1499369.0
3;1;1291110.0
3;1;179932.0
3;1;253539.0
3;1;432639.0
3;1;665347.0
3;1;255813.0
3;1;210082.0
3;1;6916207.0
3;1;95136.0
3;2;1796023.0
3;1;171792.0
3;1;3437348.0
3;1;1511268.0
3;1;195556.0
3;1;507541.0
3;1;2021876.0
3;1;513381.0
3;1;197400.0
3;1;555129.0
3;2;5010972.0
3;1;508134.0
3;1;256091.0
3;1;374819.0
3;1;430798.0
3;1;45167.0
3;1;184810.0
3;1;519505.0
3;1;285565.0
3;1;589321.0
3;1;179570.0
3;1;123133.0
3;1;172690.0
3;1;788684.0
3;1;1592472.0
3;1;388749.0
3;1;5293092.0
3;1;191341.0
3;1;100001.0
3;1;93193.0
3;1;304267.0
3;1;1308668.0
3;1;36601.0
3;1;105337.0
3;1;54637.0
3;1;253913.0
3;1;183117.0
3;1;163200.0
3;1;114940.0
3;1;529668.0
3;1;209535.0
3;1;60088.0
3;1;48286.0
3;1;281627.0
3;1;257044.0
3;1;137207.0
3;1;354760.0
3;1;356172.0
3;1;4938192.0
3;1;635959.0
3;1;197889.0
3;1;62821.0
3;1;173408.0
3;1;241446.0
3;1;464260.0
3;1;391812.0
3;1;3868861.0
3;1;276694.0
3;1;554130.0
3;1;299589.0
3;1;2587970.0
3;1;287678.0
3;1;588465.0
3;1;223942.0
3;1;153814.0
3;1;301626.0
3;1;282557.0
3;1;296233.0
3;1;36567.0
3;2;244287.0
3;1;266589.0
3;1;1458966.0
3;1;2492415.0
3;1;287173.0
3;1;304364.0
3;1;269861.0
3;1;597013.0
3;1;280188.0
3;1;110212.0
3;1;410640.0
3;1;578982.0
3;1;135584.0
3;1;367205.0
3;1;46503.0
3;1;1314268.0
3;1;883460.0
3;1;238739.0
3;1;552371.0
3;1;258318.0
3;1;654329.0
3;1;63862.0
3;1;188371.0
3;1;249074.0
3;1;351147.0
3;1;54400.0
3;1;42372.0
3;1;272247.0
3;1;173313.0
3;2;6100071.0
3;1;139754.0
3;1;3962989.0
3;1;11735.0
3;1;217149.0
3;1;754071.0
3;1;150387.0
3;1;682288.0
3;1;289424.0
3;1;287195.0
3;1;205373.0
3;2;3637804.0
3;1;70426.0
3;1;2336694.0
3;1;617342.0
3;1;195386.0
3;1;57712.0
3;1;255492.0
3;1;600842.0
3;1;449020.0
3;1;1255561.0
3;1;202275.0
3;1;186595.0
3;1;138379.0
3;1;224199.0
3;1;319271.0
3;1;1674912.0
3;1;3119531.0
3;1;120656.0
3;1;685047.0
3;1;140565.0
3;1;258733.0
3;1;525666.0
3;1;1868561.0
3;1;202675.0
3;1;437475.0
3;1;56629.0
3;1;282142.0
3;1;681613.0
3;1;142342.0
3;1;418724.0
3;1;299820.0
3;1;506370.0
3;1;396601.0
3;2;1880674.0
3;1;2232275.0
3;1;630793.0
3;1;202034.0
3;1;406825.0
3;1;469090.0
3;1;377413.0
3;1;26626.0
3;1;494485.0
3;1;43449.0
3;1;1351400.0
3;1;336397.0
3;1;98129.0
3;1;148420.0
3;1;924997.0
3;2;599374.0
3;1;107486.0
3;1;608482.0
3;1;1314078.0
3;1;351415.0
3;2;774189.0
3;1;254415.0
3;1;20784.0
3;1;302890.0
3;1;517823.0
3;1;742710.0
3;1;231413.0
3;1;173919.0
3;1;434589.0
3;1;298254.0
3;1;283965.0
3;1;508669.0
3;1;106374.0
3;1;213357.0
3;1;435460.0
3;1;351179.0
3;1;74130.0
3;1;358894.0
3;2;417097.0
3;1;405693.0
3;1;105375.0
3;1;286559.0
3;1;52172.0
3;1;583402.0
3;1;210176.0
3;1;743469.0
3;1;243028.0
3;1;241745.0
3;1;252130.0
3;1;3988251.0
3;1;83583.0
3;1;177642.0
3;1;148343.0
3;1;507644.0
3;1;2871125.0
3;1;2309667.0
3;1;268617.0
3;1;236216.0
3;1;211384.0
3;2;2504614.0
3;1;93576.0
3;1;684282.0
3;2;671219.0
3;1;229610.0
3;1;41781.0
3;1;43254.0
3;1;70760.0
3;2;3836252.0
3;1;496345.0
3;1;381462.0
3;1;187793.0
3;1;303234.0
3;1;162233.0
3;1;301551.0
3;1;567284.0
3;1;305134.0
3;1;141850.0
3;1;1890147.0
3;1;274054.0
3;1;238253.0
3;1;179547.0
3;1;76945.0
3;1;185057.0
3;1;106369.0
3;1;51550.0
3;1;280128.0
3;1;62163.0
3;1;84824.0
3;1;768335.0
